[
  {
    "id": "74802e2f-45ea-42c6-8343-e8be4930892b",
    "data": [
      {
        "text": "cadastro",
        "userDefined": false
      }
    ],
    "isTemplate": false,
    "count": 0,
    "lang": "pt-br",
    "updated": 0
  },
  {
    "id": "735f416e-aee0-47f6-8aaf-207299909c1c",
    "data": [
      {
        "text": "login",
        "userDefined": false
      }
    ],
    "isTemplate": false,
    "count": 0,
    "lang": "pt-br",
    "updated": 0
  },
  {
    "id": "ae4ce28e-cde6-46c9-801e-089e1164955a",
    "data": [
      {
        "text": "Quero me cadastrar no site",
        "userDefined": false
      }
    ],
    "isTemplate": false,
    "count": 0,
    "lang": "pt-br",
    "updated": 0
  },
  {
    "id": "4467b821-1f2b-4889-b7f1-433ce009ca8b",
    "data": [
      {
        "text": "Quero criar ",
        "userDefined": false
      },
      {
        "text": "um",
        "userDefined": false
      },
      {
        "text": " cadastro no site",
        "userDefined": false
      }
    ],
    "isTemplate": false,
    "count": 0,
    "lang": "pt-br",
    "updated": 0
  },
  {
    "id": "d3638c5d-ddef-4987-b16e-e541fd3adf5d",
    "data": [
      {
        "text": "Como faço ",
        "userDefined": false
      },
      {
        "text": "para",
        "userDefined": false
      },
      {
        "text": " fazer o cadastro no site",
        "userDefined": false
      }
    ],
    "isTemplate": false,
    "count": 0,
    "lang": "pt-br",
    "updated": 0
  },
  {
    "id": "5c35664e-02bf-4893-bc0b-5ee753c49701",
    "data": [
      {
        "text": "Queria realizar o cadastro no site",
        "userDefined": false
      }
    ],
    "isTemplate": false,
    "count": 0,
    "lang": "pt-br",
    "updated": 0
  }
]