[
  {
    "id": "b0a7d65e-4c59-48e5-8b1b-c1daebf90aae",
    "data": [
      {
        "text": "opa",
        "meta": "@sys.airport",
        "alias": "airport",
        "userDefined": false
      }
    ],
    "isTemplate": false,
    "count": 0,
    "lang": "pt-br",
    "updated": 0
  },
  {
    "id": "74750ec3-4207-437b-b46c-caf1754697e7",
    "data": [
      {
        "text": "voce pode me ajudar",
        "userDefined": false
      }
    ],
    "isTemplate": false,
    "count": 0,
    "lang": "pt-br",
    "updated": 0
  },
  {
    "id": "8205af7f-77dc-4f82-a2fa-46e3fc5dc58e",
    "data": [
      {
        "text": "preciso de informações",
        "userDefined": false
      }
    ],
    "isTemplate": false,
    "count": 0,
    "lang": "pt-br",
    "updated": 0
  },
  {
    "id": "88534b12-e936-4e02-8796-9b48978488e3",
    "data": [
      {
        "text": "eae",
        "meta": "@sys.location",
        "alias": "location",
        "userDefined": false
      }
    ],
    "isTemplate": false,
    "count": 0,
    "lang": "pt-br",
    "updated": 0
  },
  {
    "id": "1ec91286-b53c-4a00-a869-a428e5e6007a",
    "data": [
      {
        "text": "olá",
        "meta": "@sys.person",
        "alias": "person",
        "userDefined": false
      }
    ],
    "isTemplate": false,
    "count": 0,
    "lang": "pt-br",
    "updated": 0
  },
  {
    "id": "0b431544-553c-47e3-9e9c-631279965bb7",
    "data": [
      {
        "text": "oi",
        "meta": "@sys.location",
        "alias": "location",
        "userDefined": false
      }
    ],
    "isTemplate": false,
    "count": 0,
    "lang": "pt-br",
    "updated": 0
  },
  {
    "id": "5d9dd9eb-cad8-4892-9a7f-38f5d2d3183b",
    "data": [
      {
        "text": "Bom dia",
        "userDefined": false
      }
    ],
    "isTemplate": false,
    "count": 0,
    "lang": "pt-br",
    "updated": 0
  }
]