[
  {
    "id": "df6260b4-089e-436f-bbf1-f6c35bf45621",
    "data": [
      {
        "text": "O que tenho pra fazer no site?",
        "userDefined": false
      }
    ],
    "isTemplate": false,
    "count": 0,
    "lang": "pt-br",
    "updated": 0
  },
  {
    "id": "cddcd0c5-371c-4eea-8f9f-5c9170129368",
    "data": [
      {
        "text": "Quais são as opções que tenho no site?",
        "userDefined": false
      }
    ],
    "isTemplate": false,
    "count": 0,
    "lang": "pt-br",
    "updated": 0
  },
  {
    "id": "ccb07b39-fdf0-4fe1-86dc-dff99f43e296",
    "data": [
      {
        "text": "O que posso fazer no site?",
        "userDefined": false
      }
    ],
    "isTemplate": false,
    "count": 0,
    "lang": "pt-br",
    "updated": 0
  }
]