[
  {
    "id": "42df1692-4e76-45e4-afee-b61aa67b9edc",
    "data": [
      {
        "text": "Onde encontro informações",
        "userDefined": false
      }
    ],
    "isTemplate": false,
    "count": 0,
    "lang": "pt-br",
    "updated": 0
  },
  {
    "id": "4dd9fe3f-1930-4e3f-86f4-d9b55d59a2d2",
    "data": [
      {
        "text": "Busco informações adicionais",
        "userDefined": false
      }
    ],
    "isTemplate": false,
    "count": 0,
    "lang": "pt-br",
    "updated": 0
  },
  {
    "id": "7b143e7e-89de-4eac-8e7d-8d11cd9876f1",
    "data": [
      {
        "text": "Quero me informar mais",
        "userDefined": false
      }
    ],
    "isTemplate": false,
    "count": 0,
    "lang": "pt-br",
    "updated": 0
  },
  {
    "id": "9cb98c1e-b193-4b21-a903-3465805b4a7c",
    "data": [
      {
        "text": "Queria ter mais informações sobre dieta, ",
        "userDefined": false
      },
      {
        "text": "como",
        "userDefined": false
      },
      {
        "text": " posso saber?",
        "userDefined": false
      }
    ],
    "isTemplate": false,
    "count": 0,
    "lang": "pt-br",
    "updated": 0
  }
]