[
  {
    "id": "63b95399-00a5-47c3-95b1-e4988e14be0e",
    "data": [
      {
        "text": "como contato ",
        "userDefined": false
      },
      {
        "text": "um",
        "userDefined": false
      },
      {
        "text": " profissional",
        "userDefined": false
      }
    ],
    "isTemplate": false,
    "count": 0,
    "lang": "pt-br",
    "updated": 0
  },
  {
    "id": "6953fefb-0ab7-48ac-a7ba-2458ea034c74",
    "data": [
      {
        "text": "quero falar com",
        "userDefined": false
      },
      {
        "text": " ",
        "userDefined": false
      },
      {
        "text": "um",
        "userDefined": false
      },
      {
        "text": " profissional",
        "userDefined": false
      }
    ],
    "isTemplate": false,
    "count": 0,
    "lang": "pt-br",
    "updated": 0
  },
  {
    "id": "519e81ca-ef57-403d-b573-1304eaca6e4b",
    "data": [
      {
        "text": "profissionais",
        "userDefined": false
      }
    ],
    "isTemplate": false,
    "count": 0,
    "lang": "pt-br",
    "updated": 0
  }
]